{
  "run_name": "partial",
  "task": "detect",
  "steps": 25,
  "sync_interval": 4,
  "micro_steps": 100,
  "total_time_s": 203.93144726753235,
  "final_loss": 19.295989990234375,
  "final_accuracy": 0.5921001332174863
}